clss,drive,highway_mpg,make,model
compact car,awd,25,genesis,g70 awd
large car,awd,24,genesis,g80 awd
small sport utility vehicle,fwd,27,kia,sorento 2wd
large car,awd,25,genesis,g80 awd
minicompact car,rwd,19,aston martin,vanquish
standard sport utility vehicle,awd,24,porsche,cayenne
midsize car,fwd,32,hyundai,elantra gt
standard sport utility vehicle,rwd,23,chevrolet,suburban c1500 2wd
compact car,awd,28,volvo,s60 awd
standard sport utility vehicle,rwd,23,chevrolet,tahoe c1500 2wd
compact car,fwd,34,hyundai,veloster
subcompact car,awd,34,audi,a5 quattro
two seater,rwd,23,jaguar,f-type r coupe
minivan,fwd,22,kia,sedona sxl
subcompact car,rwd,25,ford,mustang
two seater,rwd,20,chevrolet,corvette zr1
small sport utility vehicle,awd,29,jeep,cherokee 4wd
subcompact car,awd,32,bmw,430i xdrive convertible
subcompact car,rwd,22,bmw,m4 convertible
large car,rwd,23,jaguar,xj
two seater,rwd,24,jaguar,f-type coupe
small sport utility vehicle,awd,24,audi,sq5
small sport utility vehicle,4wd,30,mazda,cx-5 4wd
small sport utility vehicle,fwd,33,honda,hr-v 2wd
small sport utility vehicle,fwd,28,acura,rdx fwd
small sport utility vehicle,4wd,24,jeep,cherokee trailhawk 4wd
subcompact car,rwd,29,bmw,440i convertible
small station wagon,awd,28,volvo,v60 awd
minivan,fwd,28,chrysler,pacifica
subcompact car,awd,28,bmw,640i xdrive convertible
compact car,rwd,32,bmw,440i gran coupe
small sport utility vehicle,4wd,24,kia,sorento 4wd
standard pickup truck,awd,25,honda,ridgeline awd
compact car,awd,33,bmw,430i xdrive gran coupe
compact car,awd,30,audi,s4
midsize car,fwd,38,hyundai,elantra se
midsize car,rwd,18,bentley,mulsanne
standard sport utility vehicle,rwd,21,gmc,yukon c1500 xl 2wd
subcompact car,rwd,20,bmw,m6 convertible
two seater,rwd,28,jaguar,f-type convertible
small sport utility vehicle,awd,32,honda,hr-v 4wd
small sport utility vehicle,fwd,26,kia,sorento 2wd
standard sport utility vehicle,4wd,21,cadillac,escalade 4wd
small sport utility vehicle,fwd,27,cadillac,xt5
small pickup truck,fwd,26,honda,ridgeline fwd
small sport utility vehicle,awd,23,kia,sorento awd
compact car,fwd,42,chevrolet,volt
small sport utility vehicle,4wd,23,kia,sorento 4wd
subcompact car,rwd,24,ford,mustang
standard sport utility vehicle,4wd,20,cadillac,escalade esv 4wd
compact car,awd,27,subaru,wrx
small sport utility vehicle,fwd,27,kia,sorento fwd
two seater,rwd,27,jaguar,f-type s convertible
small sport utility vehicle,awd,27,buick,envision awd
midsize car,awd,30,audi,s5 sportback
compact car,fwd,40,toyota,corolla
small sport utility vehicle,awd,25,buick,envision awd
small sport utility vehicle,awd,31,volvo,xc40 awd
two seater,rwd,23,jaguar,f-type r convertible
two seater,rwd,32,bmw,z4 sdrive28i
two seater,rwd,19,chevrolet,corvette zr1
small sport utility vehicle,fwd,31,jeep,cherokee fwd
midsize car,awd,29,audi,a6 quattro
small sport utility vehicle,awd,22,nissan,murano crosscabriolet
small sport utility vehicle,fwd,32,chevrolet,equinox fwd
compact car,awd,29,bmw,440i xdrive coupe
small sport utility vehicle,fwd,25,kia,sorento 2wd
small sport utility vehicle,fwd,34,honda,hr-v 2wd
standard pickup truck,4wd,22,chevrolet,silverado k15 4wd
subcompact car,rwd,29,ford,mustang convertible
compact car,awd,28,subaru,wrx
small sport utility vehicle,fwd,26,kia,sorento fwd
compact car,rwd,30,genesis,g70 rwd
standard pickup truck,rwd,23,chevrolet,silverado c15 2wd
compact car,awd,25,bmw,650i xdrive gran coupe
small sport utility vehicle,awd,25,kia,sportage fe awd
compact car,rwd,34,bmw,430i gran coupe
two seater,awd,23,jaguar,f-type r awd convertible
subcompact car,rwd,102,mitsubishi,i-miev
two seater,rwd,23,chevrolet,corvette z06
two seater,rwd,27,jaguar,f-type coupe
standard sport utility vehicle,4wd,22,chevrolet,suburban k1500 4wd
two seater,rwd,27,jaguar,f-type s coupe
subcompact car,rwd,99,mitsubishi,i-miev
small sport utility vehicle,fwd,29,buick,envision fwd
compact car,awd,24,subaru,wrx
minivan,fwd,24,kia,sedona
midsize car,fwd,37,hyundai,elantra
two seater,rwd,22,chevrolet,corvette z06
two seater,awd,22,audi,r8 spyder
subcompact car,rwd,30,ford,mustang
standard sport utility vehicle,awd,19,bentley,bentayga
small sport utility vehicle,awd,31,subaru,forester awd
subcompact car,rwd,25,bmw,m4 convertible
small sport utility vehicle,awd,25,kia,sorento awd
midsize car,awd,34,audi,a5 sportback quattro
midsize car,fwd,30,acura,rlx
small sport utility vehicle,awd,24,hyundai,santa fe sport ultimate awd
small sport utility vehicle,fwd,30,kia,sportage fe fwd
minivan,fwd,25,kia,sedona sx
compact car,awd,31,bmw,440i xdrive coupe
large car,rwd,25,genesis,g80 rwd
minicompact car,fwd,33,mini,cooper s convertible
two seater,awd,26,jaguar,f-type s awd coupe
large car,rwd,23,jaguar,xjl
two seater,awd,20,audi,r8
small sport utility vehicle,fwd,28,kia,sorento fwd
standard sport utility vehicle,rwd,23,gmc,yukon c1500 2wd
midsize car,awd,38,audi,a6 quattro
two seater,awd,22,audi,r8
compact car,awd,25,bmw,alpina b6 xdrive gran coupe
small sport utility vehicle,fwd,31,mazda,cx-5 2wd
compact car,awd,23,subaru,wrx
standard pickup truck,4wd,21,ram,1500 4wd
subcompact car,awd,33,audi,a5 quattro
small sport utility vehicle,awd,26,cadillac,xt5 awd
standard sport utility vehicle,rwd,21,gmc,yukon c1500 2wd
standard sport utility vehicle,4wd,22,gmc,yukon k1500 xl 4wd
two seater,awd,31,audi,tt roadster quattro
midsize car,awd,31,acura,rlx hybrid
standard sport utility vehicle,4wd,22,chevrolet,tahoe k1500 4wd
large car,rwd,23,kia,k900
small sport utility vehicle,4wd,28,jeep,patriot 4wd
small sport utility vehicle,fwd,33,mazda,cx-5 2wd
small sport utility vehicle,4wd,29,mazda,cx-5 4wd
minicompact car,fwd,32,mini,cooper s convertible
two seater,awd,19,audi,r8 spyder
two seater,rwd,28,jaguar,f-type coupe
small sport utility vehicle,fwd,25,hyundai,santa fe fwd
small sport utility vehicle,fwd,34,mazda,cx-5 2wd
two seater,awd,19,audi,r8
midsize car,fwd,38,mazda,6
subcompact car,awd,34,audi,a5 cabriolet quattro
small sport utility vehicle,4wd,26,jeep,cherokee 4wd active drive ii
small sport utility vehicle,fwd,28,jeep,patriot fwd
large car,awd,28,bmw,740i xdrive
small sport utility vehicle,awd,27,subaru,forester awd
standard sport utility vehicle,4wd,22,gmc,yukon k1500 4wd
midsize car,awd,28,volvo,s80 awd
compact car,rwd,25,bmw,m4 coupe
small sport utility vehicle,awd,24,volvo,xc60 awd
two seater,rwd,25,chevrolet,corvette
small sport utility vehicle,awd,25,kia,sorento fe awd
small sport utility vehicle,fwd,29,kia,sportage fwd
subcompact car,awd,29,audi,s5 cabriolet
two seater,rwd,24,jaguar,f-type convertible
standard sport utility vehicle,rwd,21,cadillac,escalade esv 2wd
two seater,awd,20,audi,r8 spyder
small sport utility vehicle,awd,22,hyundai,santa fe ultimate awd
compact car,fwd,43,mitsubishi,mirage
small sport utility vehicle,awd,28,subaru,forester awd
midsize car,fwd,35,mazda,6
standard pickup truck,rwd,22,ram,1500 2wd
subcompact car,awd,25,bmw,650i xdrive convertible
compact car,rwd,28,genesis,g70 rwd
compact car,awd,29,acura,tlx awd a-spec
minicompact car,fwd,35,mini,cooper convertible
compact car,awd,33,audi,a4 quattro
small sport utility vehicle,awd,24,volvo,xc70 awd
small sport utility vehicle,4wd,27,jeep,patriot 4wd
small sport utility vehicle,fwd,28,hyundai,santa fe sport fwd
two seater,rwd,24,jaguar,f-type s coupe
compact car,awd,28,genesis,g70 awd
standard pickup truck,4wd,22,gmc,sierra k15 4wd
standard pickup truck,rwd,23,gmc,sierra c15 2wd
small sport utility vehicle,fwd,31,infiniti,qx50
small sport utility vehicle,awd,23,kia,sportage awd
two seater,awd,23,jaguar,f-type r awd coupe
compact car,fwd,35,acura,ilx
small sport utility vehicle,awd,26,hyundai,santa fe sport awd
midsize car,fwd,36,hyundai,elantra
small sport utility vehicle,awd,25,kia,sportage awd
two seater,awd,23,audi,r8
small sport utility vehicle,awd,30,chevrolet,equinox awd
compact car,fwd,33,audi,a4
compact car,fwd,41,mitsubishi,mirage
small sport utility vehicle,fwd,25,kia,sorento fwd
standard sport utility vehicle,awd,21,porsche,cayenne turbo
subcompact car,rwd,34,bmw,430i convertible
minicompact car,rwd,19,aston martin,db9
standard sport utility vehicle,4wd,19,jeep,grand cherokee srt8
subcompact car,awd,30,audi,s5
small sport utility vehicle,4wd,27,jeep,compass 4wd
subcompact car,rwd,19,aston martin,rapide s
midsize car,fwd,39,mazda,6
subcompact car,rwd,22,bmw,m6 convertible
compact car,rwd,24,bmw,m4 coupe
small sport utility vehicle,awd,27,audi,q5
compact car,rwd,33,bmw,430i coupe
compact car,fwd,30,acura,tlx fwd a-spec
compact car,awd,33,bmw,430i xdrive coupe
standard sport utility vehicle,4wd,20,gmc,yukon k1500 xl 4wd
compact car,fwd,33,hyundai,veloster
compact car,awd,34,audi,a4 quattro
subcompact car,rwd,29,bmw,640i convertible
small sport utility vehicle,awd,26,kia,sorento awd
minicompact car,fwd,37,mini,cooper convertible
two seater,rwd,27,jaguar,f-type convertible
compact car,fwd,36,toyota,corolla
two seater,awd,23,audi,r8 spyder
large car,rwd,26,kia,k900
large car,rwd,23,hyundai,equus
compact car,fwd,35,hyundai,veloster
compact car,rwd,32,bmw,440i coupe
small sport utility vehicle,fwd,32,mazda,cx-5 2wd
compact car,rwd,26,genesis,g70 rwd
midsize car,awd,29,audi,a7 quattro
compact car,rwd,29,bmw,640i gran coupe
subcompact car,rwd,29,ford,mustang
small sport utility vehicle,awd,24,kia,sorento awd
standard sport utility vehicle,awd,25,audi,q7
small sport utility vehicle,awd,27,acura,rdx awd
compact car,fwd,40,volkswagen,jetta
large car,rwd,27,genesis,g80 rwd
compact car,fwd,32,hyundai,veloster
small sport utility vehicle,fwd,27,hyundai,santa fe sport ultimate fwd
small sport utility vehicle,fwd,29,kia,sorento fwd
small sport utility vehicle,fwd,27,hyundai,santa fe sport fwd
small sport utility vehicle,fwd,28,jeep,compass fwd
small sport utility vehicle,4wd,26,jeep,cherokee trailhawk 4wd
minicompact car,fwd,31,mini,john cooper works convertible
compact car,rwd,25,bmw,650i gran coupe
subcompact car,awd,23,nissan,gt-r
subcompact car,rwd,25,bmw,650i convertible
small sport utility vehicle,fwd,23,hyundai,santa fe ultimate fwd
standard sport utility vehicle,4wd,21,gmc,yukon k1500 4wd
compact car,fwd,52,toyota,corolla hybrid
small sport utility vehicle,awd,30,infiniti,qx50 awd
midsize car,fwd,36,mazda,6
compact car,rwd,34,bmw,430i coupe
subcompact car,awd,31,audi,tt coupe quattro
two seater,awd,26,jaguar,f-type s awd convertible
subcompact car,rwd,22,roush performance,stage 3 mustang
compact car,awd,29,acura,tlx awd
small sport utility vehicle,awd,27,jeep,cherokee 4wd
two seater,rwd,23,jaguar,f-type v8 s convertible
compact car,awd,31,audi,a4 quattro
subcompact car,awd,22,nissan,gt-r
small sport utility vehicle,fwd,30,jeep,compass fwd
small sport utility vehicle,fwd,29,jeep,cherokee fwd
small sport utility vehicle,fwd,26,kia,sportage fwd
midsize car,fwd,37,mazda,6
standard sport utility vehicle,rwd,23,gmc,yukon c1500 xl 2wd
large car,awd,36,audi,a8 l
small sport utility vehicle,awd,24,hyundai,santa fe awd
standard sport utility vehicle,rwd,21,cadillac,escalade 2wd
two seater,rwd,24,jaguar,f-type s convertible
compact car,awd,28,bmw,640i xdrive gran coupe
compact car,awd,31,bmw,440i xdrive gran coupe
compact car,fwd,32,acura,tlx fwd a-spec
small sport utility vehicle,4wd,27,jeep,cherokee 4wd active drive ii
small sport utility vehicle,4wd,28,jeep,compass 4wd
subcompact car,awd,29,bmw,440i xdrive convertible
